epoch,binary_accuracy,loss,val_binary_accuracy,val_loss
0,0.9819375872612,0.057409923523664474,0.9937810897827148,0.021367039531469345
